threshold,clusters,distance_avg,distance_rip,distance_cog
0.01,19108,0.004920715569941627,0.003412641972240438,0.00674495902193968
