X1,X2,X3,X4,X5,X6,X7,AVG,RIP
25.0,147.1,1.1,2.5,0.5,5.4,1.5,-1557.2968345690917,0.20209739437909946
25.0,147.1,1.1,2.5,0.5,5.1,1.5,-1554.7986156718234,0.20145542398657504
25.0,148.1,1.1,2.5,0.5,5.3,1.6,-1561.0676680930655,0.21812342599793574
25.0,149.0,1.1,2.5,0.5,5.2,1.7,-1567.3008870900735,0.2297346534344901
25.0,149.0,1.1,2.4,0.5,5.0,1.5,-1596.7876324003128,0.23318174037687886
25.0,147.3,1.1,2.4,0.5,5.3,1.5,-1598.509038235956,0.24560451685914855
25.0,148.7,1.1,2.4,0.5,5.1,1.5,-1603.8109360444116,0.2488895930459138
24.9,148.4,1.2,2.4,0.5,5.2,1.6,-1612.6706563481343,0.25161767222233516
24.9,148.4,1.2,2.4,0.5,5.2,1.5,-1617.405551859908,0.25653257071592783
