X1,X2,X3,X4,X5,AVG,RIP
24.420303250852463,137.5251595274117,1.0046918382182017,1.9337965385089995,1.5045598984685662,-1664.9039337236768,0.52694115564542
24.421842197721,120.6933409202721,1.0530779207672358,1.9524475280421425,1.5056144093316306,-1601.376534735627,0.4947635725126805
24.797122859527548,138.9738621432909,1.0095929038723075,1.775489368729279,1.5004808591769936,-1701.3458101454326,0.5496674866053894
24.421842197721,119.78309037203509,1.0692574232769567,2.1351434846855457,1.506946791778798,-1565.0915571790938,0.4720301913271463
24.421842197721,147.61938805204483,1.0530779207672358,1.9524475280421425,1.5071709697692106,-1683.5679134790548,0.5424254044991971
24.865341431914864,118.8578786948988,1.052456031504435,2.084452943372937,1.506946791778798,-1584.514237845102,0.4898735461896087
24.917153370739065,122.1317988103464,1.0549606707423602,1.949688910066755,1.5056487543489692,-1613.0695062665711,0.5088329946718626
24.797122859527548,138.9738621432909,1.0095925493373663,1.7100665780104944,1.5003404186391123,-1704.185823139937,0.560694505372829
24.411307530689886,122.13090953709622,1.0436186574736581,2.114287089596637,1.5069589570984556,-1565.1481781466691,0.4823151630966685
24.848132419294817,138.31942333884666,1.025565071663171,1.5981073830927328,1.5046990490148267,-1724.5354328899282,0.57309259073097