X1,X2,X3,X4,X5,AVG,RIP
19.17022004702574,133.2194696065295,1.0003431244520347,1.9069977178955193,1.6467558908171132,-1135.478178453085,0.6422744495600556
