X1,X2,X3,AVG,RIP
0.8,6.5,1.1,-1360.2358502467498,0.3791983832845368
0.7,13.8,1.0,-1452.0681937582658,0.379620365114798
