X1,X2,X3,X4,AVG,RIP,P2P,THD
2.3,1.8,2.7,4.1,-1279.2259423554983,0.6738717235554467,16.158636968179792,157.62702567688984
4.6,5.8,4.8,7.2,-1382.4592451105032,0.3792616422837882,20.91222175839912,36.4572901358876
1.2,7.0,1.2,7.0,-1274.673117640023,0.5510632811593854,19.528337752533872,68.63994402784965
2.3,2.8,2.3,2.8,-1288.9766801797737,0.6286687924559802,14.561868308953205,167.2909250067698
3.8,7.2,3.8,7.2,-1358.5400231451572,0.42854889037612254,20.621815818348136,34.728737737270535
1.8,1.4,1.8,1.4,-1272.7413477974674,0.5107469402105472,7.479911896809747,82.30677499448527
7.2,3.8,7.2,3.8,-1369.469924973364,0.2950461431033456,20.772973699644112,34.50056815184488
1.2,7.8,1.2,7.8,-1280.107817939779,0.5624753911240846,20.447093644788964,54.506102601457776
